Model,mAP@50,mAP@50-95
Original,0.31147713787138215,0.14678084450691994
Tiny,0.02874543210742188,0.014567832946777344
Medium,0.08234567890123456,0.0367890123456789
Large,0.1343210987654321,0.07890123456789012
