Model,Format,File Size (MB),mAP50-95,mAP50,Inference Time (ms),Preprocess Time (ms),Postprocess Time (ms),CPU Usage (%),GPU Usage (%),RAM Usage (%),Swap Usage (%),Fan PWM (%),Temp CPU (C),Temp GPU (C),Power (mW),Power VDD_SOC (mW),Power VDD_CPU_GPU_CV (mW)
Baseline,/,/,/,/,/,/,/,2.880952380952381,0.0,0.3671747326181577,0.04484559174670976,29.80392156862745,54.11571428571428,52.74071428571428,4959.714285714285,1354.142857142857,905
yolo11n-8.engine,.engine,4.15,0.3238,0.4526,10.41,2.14,5.06,27.708333333333336,45.875,0.9201217814399517,0.10001757145346915,29.80392156862745,54.71025,53.33575,6827,1584,2099
yolo11n-half.engine,.engine,7.13,0.5068,0.6749,11.85,3.14,5.04,27.75,53.675,0.9365897657341338,0.1334076245802938,31.568627450980394,55.07,53.710499999999996,7121.75,1645.5,2291.75
yolo11n.engine,.engine,11.61,0.5079,0.6758,21.54,1.66,4.19,19.305555555555557,65.65,0.9233562691131498,0.1461970359954125,31.895424836601308,55.08833333333333,54.01533333333333,7531.333333333333,1791.8333333333333,2393.5
yolo11n.onnx,.onnx,10.24,0.5077,0.6761,117.28,1.98,5.09,33.71052631578947,0.0,0.8781497783752241,0.14946549616166702,32.15686274509804,55.952473684210524,54.34887719298246,6087.8421052631575,1427.0701754385964,1851.6140350877192
yolo11n.pt,.pt,5.35,0.5072,0.6742,53.77,1.96,8.51,36.04166666666667,67.2,0.929058063861517,0.18726353341663682,32.15686274509804,55.921375,54.773125,7489.125,1730.5,2463.625
